<?xml version="1.0" encoding="UTF-8"?>
<Configuration status="debug" strict="true" name="XMLConfigTest"
               packages="org.apache.logging.log4j.test">
  <Properties>
    <Property name="filename">kroegentocht</Property>
  </Properties>
  <Filter type="ThresholdFilter" level="trace"/>
 
  <Appenders>
    <Appender type="Console" name="STDOUT">
      <Layout type="PatternLayout" pattern="%m MDC%X%n"/>
      <Filters>
        <Filter type="MarkerFilter" marker="FLOW" onMatch="DENY" onMismatch="NEUTRAL"/>
        <Filter type="MarkerFilter" marker="EXCEPTION" onMatch="DENY" onMismatch="ACCEPT"/>
      </Filters>
    </Appender>
    <Appender type="File" name="File" fileName="${filename}.log">
      <Layout type="PatternLayout">
        <Pattern>%d %p %C{1.} [%t] %m%n</Pattern>
      </Layout>
    </Appender>
    <Appender type="List" name="List">
    </Appender>
  </Appenders>
  <Loggers>
 
    <Logger name="default" level="all" additivity="false">
      <AppenderRef ref="File"/>
    </Logger>
 
    <Root level="trace">
      <AppenderRef ref="List"/>
    </Root>
  </Loggers>
</Configuration>